<?xml version="1.0" encoding="UTF-8"?>
<component type="desktop-application">
    <id>net.sourceforge.extremetuxracer</id>
    <project_license>GPL-2.0-or-later</project_license>
    <metadata_license>CC0</metadata_license>
    <name>Extreme Tux Racer</name>
    <summary>High speed arctic racing game based on Tux Racer</summary>
    <description>
        <p>
            Extreme Tux Racer is a downhill racing game starring Tux, the Linux
            penguin.
        </p>
        <p>
            Tux must slide on his belly down snow and ice covered hills,
            collecting herring, and making it to the finish line before the
            time is up.
        </p>
    </description>
    <launchable type="desktop-id">net.sourceforge.extremetuxracer.desktop</launchable>
    <screenshots>
        <screenshot type="default" width="800" height="600">
            <image>https://a.fsdn.com/con/app/proj/extremetuxracer/screenshots/ETR4.png</image>
        </screenshot>
        <screenshot width="800" height="600">
            <image>https://a.fsdn.com/con/app/proj/extremetuxracer/screenshots/ETR3.png</image>
        </screenshot>
        <screenshot width="800" height="600">
            <image>https://a.fsdn.com/con/app/proj/extremetuxracer/screenshots/ETR2.png</image>
        </screenshot>
    </screenshots>
    <url type="homepage">https://extremetuxracer.sourceforge.net/</url>
    <update_contact>https://sourceforge.net/p/extremetuxracer/discussion/</update_contact>
</component>
